{"cameraMode":{"drawMode":0,"name":"Shaded","section":"Shading Mode"},"sceneLighting":true,"audioPlay":false,"sceneViewState":{"m_AlwaysRefresh":false,"showFog":true,"showSkybox":true,"showFlares":true,"showImageEffects":true,"showParticleSystems":true,"showVisualEffectGraphs":true,"m_FxEnabled":true},"in2DMode":false,"pivot":{"x":-10.256104469299317,"y":-3.988781213760376,"z":-21.803180694580079},"rotation":{"x":-0.016090476885437967,"y":0.9786540269851685,"z":-0.0841817855834961,"w":-0.18689294159412385},"size":13.608617782592774,"orthographic":false}